emoji,name_ko,category,keywords_ko
🏃,달리기,활동,러닝;운동;아침
🚴,자전거,활동,라이딩;바퀴;야외
🏊,수영,활동,물;바다;스포츠
🧗,클라이밍,활동,볼더링;암벽;실내
⛷️,스키,활동,겨울;눈;스피드
🏄,서핑,활동,파도;바다;여름
🧘,요가,활동,명상;스트레칭;고요
🏋️,웨이트,활동,헬스;근력;체육관
⚽,축구,활동,공;팀;주말
🏀,농구,활동,공;코트;슛
🎾,테니스,활동,라켓;코트;랠리
🏓,탁구,활동,라켓;스핀;실내
⛳,골프,활동,필드;스윙;그린
🎳,볼링,활동,핀;스트라이크;모임
🥾,등산,활동,산;트레킹;아웃도어
🏕️,캠핑,활동,텐트;모닥불;자연
🎣,낚시,활동,물가;기다림;고요
🧵,뜨개질,취미,실;손뜨개;핸드메이드
🎨,그림,취미,드로잉;물감;창작
🖌️,붓,취미,캘리그라피;페인팅;손글씨
✏️,스케치,취미,연필;드로잉;기록
📷,사진,취미,카메라;출사;순간
🎞️,필름,취미,필름카메라;현상;아날로그
🎬,영화,취미,시네마;극장;감상
📺,드라마,취미,시리즈;정주행;OTT
🎮,게임,취미,콘솔;플레이;승부
🕹️,레트로게임,취미,오락실;고전;아케이드
🎲,보드게임,취미,주사위;모임;전략
♟️,체스,취미,전략;수읽기;보드
🧩,퍼즐,취미,조각;몰입;집중
🃏,카드게임,취미,트럼프;마술;모임
🎤,노래,취미,노래방;보컬;무대
🎧,음악감상,취미,플레이리스트;이어폰;몰입
🎸,기타,취미,밴드;연주;코드
🎹,피아노,취미,건반;연주;클래식
🥁,드럼,취미,리듬;밴드;비트
🎻,바이올린,취미,현악;클래식;연주
🎷,색소폰,취미,재즈;관악;선율
📚,독서,취미,책;서점;북클럽
✍️,글쓰기,취미,에세이;일기;기록
📖,소설,취미,이야기;몰입;밤샘
🖋️,만년필,취미,필사;잉크;손글씨
🎭,연극,취미,공연;무대;배우
💃,춤,취미,댄스;리듬;몸
🩰,발레,취미,무용;공연;우아
🧑‍🍳,요리,취미,쿠킹;레시피;주방
🍳,아침요리,취미,계란;브런치;집밥
🥘,집밥,취미,한식;레시피;저녁
🍰,베이킹,취미,케이크;오븐;디저트
🍞,빵,취미,베이커리;빵지순례;고소함
☕,커피,취미,카페;원두;핸드드립
🍵,차,취미,티;다도;고요
🧋,버블티,취미,밀크티;타피오카;달달
🍺,맥주,취미,수제맥주;펍;치맥
🍷,와인,취미,페어링;분위기;저녁
🍸,칵테일,취미,바;믹솔로지;밤
🥃,위스키,취미,바;온더락;향
🍜,라멘,음식,국물;면;맛집
🍣,초밥,음식,스시;오마카세;일식
🍕,피자,음식,치즈;야식;모임
🌮,타코,음식,멕시칸;매콤;세계음식
🍛,카레,음식,향신료;집밥;따뜻함
🥗,샐러드,음식,건강;채소;가벼움
🍦,아이스크림,음식,디저트;여름;달콤
🍫,초콜릿,음식,디저트;카카오;선물
🍎,과일,음식,사과;신선;아침
🥑,아보카도,음식,브런치;건강;토스트
🍙,주먹밥,음식,간편식;소풍;한입
🦦,수달,동물,귀여움;물;유유자적
🐱,고양이,동물,집사;냥이;반려
🐶,강아지,동물,산책;반려;충성
🐰,토끼,동물,귀;깡총;귀여움
🦊,여우,동물,영리함;숲;주황
🐻,곰,동물,포근함;겨울잠;큰몸
🐼,판다,동물,대나무;흑백;느긋
🐨,코알라,동물,나무;낮잠;느림
🦁,사자,동물,용기;갈기;리더
🐯,호랑이,동물,기세;줄무늬;힘
🐧,펭귄,동물,얼음;뒤뚱;남극
🦉,올빼미,동물,밤;지혜;야행성
🦜,앵무새,동물,수다;색;재잘
🐢,거북이,동물,느긋함;장수;꾸준
🐬,돌고래,동물,바다;점프;영리
🐳,고래,동물,바다;깊이;큰꿈
🦋,나비,동물,변화;날개;봄
🐝,꿀벌,동물,부지런;꿀;노랑
🌱,새싹,자연,성장;시작;식물
🌿,풀잎,자연,플랜테리어;초록;싱그러움
🌵,선인장,자연,식물;건조;단단함
🌸,벚꽃,자연,봄;분홍;산책
🌻,해바라기,자연,여름;노랑;햇빛
🌹,장미,자연,향기;빨강;낭만
🍀,네잎클로버,자연,행운;초록;발견
🍁,단풍,자연,가을;붉음;산책
🌊,파도,자연,바다;서핑;시원함
⛰️,산,자연,등산;정상;풍경
🏔️,설산,자연,겨울;고요;장엄
🌅,일출,자연,아침;새벽;시작
🌇,노을,자연,저녁;감성;하늘
🌙,달,자연,밤;고요;야행성
⭐,별,자연,밤하늘;빛남;꿈
🌈,무지개,자연,비온뒤;일곱빛;희망
☀️,태양,자연,맑음;에너지;낮
🔥,불꽃,감정,열정;몰입;에너지
✨,반짝임,감정,설렘;새것;빛
💛,하트,감정,애정;따뜻함;사랑
😎,선글라스,감정,쿨함;여유;자신감
🤓,안경,감정,공부;몰입;너드
😴,잠,감정,낮잠;휴식;이불
🤔,생각,감정,고민;호기심;질문
🥳,파티,감정,축하;모임;신남
🫠,녹아내림,감정,피곤;유머;밈
🚀,로켓,사물,도전;스타트업;속도
✈️,비행기,여행,여행;출국;하늘
🚂,기차,여행,기차여행;창밖;낭만
🚗,드라이브,여행,자동차;도로;바람
🗺️,지도,여행,탐험;계획;길찾기
🎒,배낭,여행,백패킹;여행;떠남
🏖️,해변,여행,휴양;모래;여름
🏛️,박물관,여행,전시;역사;관람
🖼️,전시,여행,미술관;그림;감상
🎡,놀이공원,여행,관람차;나들이;신남
🧭,나침반,여행,방향;모험;길
⌚,시계,사물,시간;약속;기록
💻,코딩,사물,개발;노트북;프로젝트
🤖,로봇,사물,AI;테크;미래
🔭,망원경,사물,별보기;우주;관측
🔬,현미경,사물,과학;탐구;실험
🧪,실험,사물,화학;시도;연구
🪴,화분,사물,플랜테리어;반려식물;초록
🕯️,캔들,사물,향초;분위기;저녁
🎁,선물,사물,기프트;마음;포장
🧸,인형,사물,포근함;애착;귀여움
📻,라디오,사물,아날로그;음악;감성
💿,LP,사물,바이닐;수집;음악
🛹,스케이트보드,사물,보드;거리;바람
🛼,롤러스케이트,사물,레트로;활강;신남
